# topic|pattern|Myanmar meaning|Connection and Myanmar explanation|Original Japanese example|Myanmar example|Shinkanzen printed pages|Minna PDF pages
time|～うちに|နေစဉ်အတွင်း / မဖြစ်ခင်|V辞書形・Vない形・Vている၊ い形၊ な形＋な၊ N＋の + うちに။ အခြေအနေမပြောင်းခင် လုပ်ခြင်း သို့မဟုတ် ထိုကာလအတွင်း တဖြည်းဖြည်း ပြောင်းလဲခြင်းကို ပြသည်။|温(あたた)かいうちに、スープを飲(の)んでください。|နွေးနေတုန်း ဟင်းချိုကို သောက်ပါ။|16|
time|～間(あいだ) / ～間(あいだ)に|…နေသည့်အချိန်တစ်လျှောက် / ထိုအချိန်အတွင်း|V辞書形・Vている၊ N＋の + 間／間に။ 間 သည် တစ်လျှောက်လုံးဆက်ဖြစ်ခြင်း၊ 間に သည် ထိုကာလအတွင်း တစ်ကြိမ်ဖြစ်ခြင်းကို ပြသည်။|姉(あね)が料理(りょうり)している間(あいだ)に、私(わたし)は机(つくえ)を片付(かたづ)けました。|အစ်မဟင်းချက်နေစဉ်အတွင်း ကျွန်တော် စားပွဲကို ရှင်းခဲ့တယ်။|16|102,103
time|～てからでないと / ～てからでなければ|…ပြီးမှသာ / …မလုပ်ရသေးလျှင်|Vて形 + からでないと／からでなければ။ အရင်လုပ်ဆောင်ချက်ပြီးမှ နောက်အရာလုပ်နိုင်သည်ဟု ပြပြီး နောက်ဝါကျတွင် မဖြစ်နိုင်ခြင်းကို သုံးလေ့ရှိသည်။|予約(よやく)してからでないと、この店(みせ)には入(はい)れません。|ကြိုတင်ဘွတ်ကင်လုပ်ပြီးမှသာ ဒီဆိုင်ထဲ ဝင်လို့ရတယ်။|17|
time|～ところだ|…တော့မလို့ / …နေဆဲ / …ပြီးခါစ|V辞書形＋ところだ သည် လုပ်တော့မည့်အချိန်၊ Vている＋ところだ သည် လုပ်နေဆဲ၊ Vた＋ところだ သည် ပြီးခါစကို ပြသည်။|今(いま)、宿題(しゅくだい)を始(はじ)めるところです。|အခု အိမ်စာ စလုပ်တော့မလို့ပါ။|17|62
time|～ところに / ～ところで / ～ところを|…နေတုန်း / …အချိန်မှာ|V辞書形・Vている・Vた + ところ＋助詞။ ところに သည် ထိုအချိန်တစ်စုံတစ်ရာရောက်လာခြင်း၊ ところで သည် ထိုအဆင့်မှာ၊ ところを သည် ထိုအခြေအနေကို အပြုအမူ၏အရာဝတ္ထုအဖြစ် ပြသည်။|出(で)かけようとしているところに、友達(ともだち)が来(き)ました。|အပြင်ထွက်တော့မလို့လုပ်နေတုန်း သူငယ်ချင်း ရောက်လာတယ်။|17|62
time|～たばかりだ|…ပြီးခါစပဲ|Vた形 + ばかりだ။ လုပ်ပြီးကတည်းက အချိန်နည်းသေးသည်ဟု ပြောသူခံစားရခြင်းဖြစ်၍ たところ ထက် အချိန်အတိုင်းအတာ ပိုကျယ်နိုင်သည်။|先月(せんげつ)、日本語(にほんご)を習(なら)い始(はじ)めたばかりです。|ပြီးခဲ့တဲ့လကပဲ ဂျပန်စာ စသင်ခဲ့တာပါ။|81,83|
time|～まで / ～までに|…အထိ / …နောက်ဆုံးထား၍|အချိန် သို့မဟုတ် V辞書形 + まで／までに။ まで သည် ထိုအချိန်အထိ ဆက်လုပ်ခြင်း၊ までに သည် ထိုသတ်မှတ်ချိန်မတိုင်ခင် အပြီးလုပ်ခြင်းကို ပြသည်။|金曜日(きんようび)までに、レポートを出(だ)してください。|သောကြာနေ့ နောက်ဆုံးထားပြီး အစီရင်ခံစာ တင်ပါ။|59,93|103
relation|～とおりに / ～どおりに|…အတိုင်း|V辞書形・Vた၊ N＋の + とおりに၊ N + どおりに။ ညွှန်ကြားချက်၊ မြင်ထားသည့်အရာ၊ အစီအစဉ်အတိုင်း တူညီစွာလုပ်ခြင်းကို ပြသည်။|説明書(せつめいしょ)のとおりに、棚(たな)を組(く)み立(た)てました。|လမ်းညွှန်စာအုပ်အတိုင်း စင်ကို တပ်ဆင်ခဲ့တယ်။|18|
relation|～によって / ～によっては|…အလိုက် / အချို့…ပေါ်မူတည်၍|N + によって／によっては။ လူ၊ နေရာ၊ အခြေအနေအလိုက် ရလဒ်ကွာခြားခြင်းကို ပြသည်။ によっては သည် အချို့အခြေအနေကို သီးသန့်ထုတ်ပြသည်။|季節(きせつ)によって、店(みせ)の営業時間(えいぎょうじかん)が変(か)わります。|ရာသီအလိုက် ဆိုင်ဖွင့်ချိန် ပြောင်းတယ်။|18|104,105
relation|～たびに|…တိုင်း|V辞書形၊ N＋の + たびに။ အရာတစ်ခုဖြစ်တိုင်း နောက်အရာ ထပ်တလဲလဲဖြစ်ကြောင်း ပြသည်။|この歌(うた)を聞(き)くたびに、故郷(ふるさと)を思(おも)い出(だ)します。|ဒီသီချင်း ကြားတိုင်း ဇာတိမြို့ကို သတိရတယ်။|18|
relation|～ば～ほど / ～なら～ほど|…လေလေ …လေလေ|Vば形＋同じV辞書形＋ほど၊ い形ければ＋同じい形＋ほど၊ な形なら＋同じな形＋なほど။ ပထမအရာတိုးလာသည်နှင့် နောက်အရာလည်း ပြောင်းလဲကြောင်း ပြသည်။|練習(れんしゅう)すればするほど、発音(はつおん)がよくなります。|လေ့ကျင့်လေလေ အသံထွက် ကောင်းလာလေလေပါ။|19|
relation|～ついでに|…လုပ်ရင်း တစ်ပါတည်း|V辞書形・Vた၊ N＋の + ついでに။ အဓိကလုပ်ငန်းလုပ်ရင်း အခွင့်ကြုံ၍ နောက်အရာပါ လုပ်ခြင်းကို ပြသည်။|買(か)い物(もの)に行(い)くついでに、手紙(てがみ)を出(だ)します。|ဈေးဝယ်သွားရင်း တစ်ပါတည်း စာပို့မယ်။|19|
comparison|～くらい / ～ぐらい / ～ほど|…လောက် / …လောက်အထိ|N သို့မဟုတ် 普通形 + くらい／ほど။ ပမာဏ သို့မဟုတ် အတိုင်းအတာကို ပြသည်။ 普通形＋ほど ဖြင့် လုပ်ဆောင်မှု၏ပြင်းထန်မှုကို ဥပမာပေးနိုင်သည်။|歩(ある)けないほど、足(あし)が痛(いた)いです。|လမ်းမလျှောက်နိုင်လောက်အောင် ခြေထောက် နာတယ်။|22|
comparison|～ほど～ない / ～くらい～はない|…လောက် …မရှိ|N + ほど＋否定 သည် အခြားအရာနှင့်ယှဉ်လျှင် အတိုင်းအတာမမီကြောင်း ပြသည်။ N＋くらい／ほど＋…はない ဖြင့် အကောင်းဆုံး၊ အများဆုံးဟု အလေးပေးနိုင်သည်။|今年(ことし)の冬(ふゆ)は、去年(きょねん)ほど寒(さむ)くありません。|ဒီနှစ်ဆောင်းက မနှစ်ကလောက် မအေးဘူး။|22|117,118
comparison|～くらいなら / ～ぐらいなら|…လုပ်ရမည့်အစား|V辞書形 + くらいなら။ မနှစ်သက်သည့်ရွေးချယ်မှုထက် နောက်အရာကို ပိုရွေးချယ်ချင်ကြောင်း ပြသည်။|うそをつくくらいなら、何(なに)も言(い)わないほうがいいです。|လိမ်ပြောရမယ့်အစား ဘာမှမပြောတာ ပိုကောင်းတယ်။|23|
comparison|～に限(かぎ)る|…က အကောင်းဆုံးပဲ|V辞書形・Vない形၊ N + に限る။ ပြောသူအတွက် အကောင်းဆုံးနည်းလမ်း သို့မဟုတ် ရွေးချယ်မှုကို ပြသည်။|疲(つか)れたときは、早(はや)く寝(ね)るに限(かぎ)ります。|ပင်ပန်းတဲ့အခါ စောစောအိပ်တာ အကောင်းဆုံးပါပဲ။|23|
comparison|～より～ほうが|…ထက် …က ပို…|N／V辞書形＋より၊ N＋の／V辞書形・Vた＋ほうが။ နှစ်ခုကို နှိုင်းယှဉ်ရာတွင် ပိုကောင်းခြင်း၊ ပိုများခြင်း စသည်ကို ပြသည်။|私(わたし)は、バスで行(い)くより歩(ある)くほうが好(す)きです。|ကျွန်တော်က ဘတ်စ်ကားစီးသွားတာထက် လမ်းလျှောက်သွားတာ ပိုကြိုက်တယ်။||145
contrast|～に対(たい)して（対比）|…နှင့် ဆန့်ကျင်ဘက်အားဖြင့်|N သို့မဟုတ် 普通形＋の + に対して။ နှစ်ခု၏ဆန့်ကျင်ကွာခြားမှုကို ပြသည်။ な形／N の普通形 သည် なの ဖြစ်သည်။|兄(あに)は静(しず)かなのに対(たい)して、弟(おとうと)はよく話(はな)します。|အစ်ကိုက တိတ်ဆိတ်ပေမယ့် ညီကတော့ စကားများတယ်။|24|
contrast|～反面(はんめん)|…သော်လည်း တစ်ဖက်မှာ|普通形 + 反面။ な形＋な၊ N＋である ကို သုံးသည်။ တစ်ခုတည်း၏ အကောင်းအဆိုး သို့မဟုတ် ဆန့်ကျင်နေသည့် ဘက်နှစ်ဖက်ကို ပြသည်။|この町(まち)は便利(べんり)な反面(はんめん)、家賃(やちん)が高(たか)いです。|ဒီမြို့က အဆင်ပြေပေမယ့် တစ်ဖက်မှာ အိမ်ငှားခ ဈေးကြီးတယ်။|24|
contrast|～一方(いっぽう)で|…တစ်ဖက်တွင် / …သော်လည်း|普通形 + 一方で။ な形＋な၊ N＋である။ အရာတစ်ခု၏ ဘက်နှစ်ဖက် သို့မဟုတ် နှစ်ခု၏ခြားနားမှုကို ဆက်ပြသည်။|仕事(しごと)は忙(いそが)しい一方(いっぽう)で、新(あたら)しいことを学(まな)べます。|အလုပ်က မအားပေမယ့် တစ်ဖက်မှာ အသစ်တွေ သင်ယူနိုင်တယ်။|24|
contrast|～というより|…ဟုဆိုတာထက်|普通形၊ N + というより။ ပထမဖော်ပြချက်ထက် နောက်ဖော်ပြချက်က ပိုတိကျသင့်လျော်ကြောင်း ပြသည်။|この部屋(へや)は狭(せま)いというより、物(もの)が多(おお)すぎます。|ဒီအခန်းက ကျဉ်းတယ်ဆိုတာထက် ပစ္စည်းများလွန်းတာပါ။|25|
contrast|～かわりに|…အစား / …အလဲအလှယ်အဖြစ်|V普通形၊ N＋の + かわりに။ တစ်ယောက်၊ တစ်ခု၏အစား လုပ်ခြင်း၊ သို့မဟုတ် တစ်ဖက်အကျိုးအတွက် နောက်တစ်ဖက်ကို လဲလှယ်ခြင်းကို ပြသည်။|車(くるま)を貸(か)してもらうかわりに、ガソリン代(だい)を払(はら)います。|ကားငှားပေးတဲ့အတွက် အလဲအလှယ်အဖြစ် ဓာတ်ဆီဖိုး ပေးမယ်။|25|
reason|～ために / ～ためだ（原因）|…ကြောင့်|普通形၊ な形＋な၊ N＋の + ために／ためだ။ အကြောင်းရင်းကို တရားဝင်ဆန်စွာ ပြသည်။ မကောင်းသည့်ရလဒ်နှင့် မကြာခဏသုံးပြီး ရည်ရွယ်ချက်၏ ために နှင့် ခွဲခြားရသည်။|大雨(おおあめ)のために、電車(でんしゃ)が止(と)まりました。|မိုးသည်းထန်တာကြောင့် ရထား ရပ်သွားတယ်။|30|119
reason|～によって / ～による（原因・手段）|…ကြောင့် / …ဖြင့်|N + によって၊ N＋による＋N။ အကြောင်းရင်း သို့မဟုတ် နည်းလမ်းကို ပြသည်။ による သည် နောက်မှနာမ်ကို အထူးပြုသည်။|この橋(はし)は、地震(じしん)によって壊(こわ)れました。|ဒီတံတားက ငလျင်ကြောင့် ပျက်စီးသွားတယ်။|30|
reason|～から / ～ことから|…သောကြောင့် / …အချက်မှ|普通形 + ことから။ な形＋な၊ N＋である။ အမည်ပေးရသည့်အကြောင်းရင်း၊ ဆုံးဖြတ်ချက်ချရသည့်အထောက်အထားကို ပြသည်။ から သည် သာမန်အကြောင်းရင်းကို ပြသည်။|窓(まど)が開(あ)いていることから、誰(だれ)かがいるとわかりました。|ပြတင်းပေါက်ဖွင့်နေတာကနေ တစ်ယောက်ယောက်ရှိမှန်း သိခဲ့တယ်။|30|
reason|～おかげで / ～おかげだ|…ကျေးဇူးကြောင့်|普通形၊ な形＋な၊ N＋の + おかげで／おかげだ။ ကောင်းသည့်ရလဒ်ရစေသည့် အကူအညီ၊ အကြောင်းရင်းကို ကျေးဇူးတင်သည့်သဘောဖြင့် ပြသည်။|友達(ともだち)のおかげで、引(ひ)っ越(こ)しが早(はや)く終(お)わりました。|သူငယ်ချင်းရဲ့ ကျေးဇူးကြောင့် အိမ်ပြောင်းတာ မြန်မြန်ပြီးခဲ့တယ်။|31|161
reason|～せいで / ～せいだ|…အပြစ်ကြောင့် / …ကြောင့်|普通形၊ な形＋な၊ N＋の + せいで／せいだ။ မကောင်းသည့်ရလဒ်ဖြစ်စေသော အကြောင်းရင်းကို အပြစ်တင်သည့်သဘောဖြင့် ပြသည်။|夜(よる)遅(おそ)くまで起(お)きていたせいで、今日(きょう)は眠(ねむ)いです。|ညနက်အထိ မအိပ်ခဲ့တာကြောင့် ဒီနေ့ အိပ်ငိုက်တယ်။|31|162
reason|～のだから|…တာမို့လို့|V／い形普通形＋のだから၊ な形／N＋なのだから။ အားလုံးသိပြီးသော အကြောင်းရင်းကို ထောက်ပြ၍ အကြံပေးခြင်း၊ မျှော်လင့်ခြင်းကို ပြသည်။|明日(あした)は試験(しけん)なのだから、早(はや)く寝(ね)ましょう。|မနက်ဖြန် စာမေးပွဲရှိတာမို့ စောစောအိပ်ကြရအောင်။|31|
reason|～もの / ～もん / ～ものだから|…တာကိုး / …လို့ပါ|普通形＋もの／もん၊ 普通形＋ものだから။ な形／N သည် なの သုံးသည်။ အကြောင်းပြချက်ရှင်းပြရာတွင် သုံးသည်။ もん သည် ရင်းနှီးသည့်စကားပြောတွင် သုံးသည်။|道(みち)が混(こ)んでいたものだから、少(すこ)し遅(おく)れました。|လမ်းပိတ်နေလို့ နည်းနည်းနောက်ကျခဲ့တယ်။||158,159
condition|～なら / ～のなら|…ဆိုရင်|普通形＋なら၊ N／な形語幹＋なら။ တစ်ဖက်လူပြောသည့်အကြောင်းအရာ သို့မဟုတ် ယူဆထားသည့်အခြေအနေပေါ် အကြံပေးခြင်း၊ ဆုံးဖြတ်ခြင်းကို ပြသည်။|図書館(としょかん)へ行(い)くなら、この本(ほん)を返(かえ)してください。|စာကြည့်တိုက် သွားမယ်ဆိုရင် ဒီစာအုပ် ပြန်အပ်ပေးပါ။|32|92
condition|～ては / ～では|…လျှင်တော့|Vて形၊ N／な形＋では။ ထိုအခြေအနေဖြစ်ပါက မကောင်းသည့်ရလဒ်၊ အခက်အခဲဖြစ်မည်ဟု ပြသည်။|そんなに急(いそ)いで食(た)べては、体(からだ)によくありません。|အဲဒီလောက် အလောတကြီးစားရင် ခန္ဓာကိုယ်အတွက် မကောင်းဘူး။|32|
condition|～さえ～ば / ～さえ～なら|…သာ …လျှင်|N＋さえ＋Vば形၊ Vます語幹＋さえすれば၊ N／な形＋でさえあれば။ တစ်ခုတည်းသောလိုအပ်ချက် ပြည့်မီလျှင် လုံလောက်ကြောင်း ပြသည်။|時間(じかん)さえあれば、この本(ほん)を読(よ)めます。|အချိန်သာရှိရင် ဒီစာအုပ် ဖတ်နိုင်တယ်။|32|
condition|たとえ～ても / たとえ～でも|တကယ်လို့ …ရင်တောင်|たとえ＋Vて形＋も၊ い形くても၊ N／な形＋でも။ ယူဆထားသည့်အခြေအနေဖြစ်သော်လည်း ရလဒ်မပြောင်းကြောင်း ပြသည်။|たとえ雨(あめ)が降(ふ)っても、試合(しあい)は行(おこな)われます。|တကယ်လို့ မိုးရွာရင်တောင် ပြိုင်ပွဲ ကျင်းပမယ်။|33|
condition|～ば / ～たら / ～なら（仮定）|…လျှင် / …ဆိုရင်|ば သည် အခြေအနေ၊ たら သည် အရင်အရာပြီးနောက်ဖြစ်ခြင်းနှင့် ယူဆချက်၊ なら သည် အကြောင်းအရာကို အခြေခံသော အကြံပေးချက်တွင် သုံးသည်။ အတိတ်မဖြစ်ခဲ့သည့်အရာကို たら／ば＋た ဖြင့် ပြနိုင်သည်။|もっと早(はや)く出(で)たら、電車(でんしゃ)に間(ま)に合(あ)ったのに。|ပိုစောစောထွက်ခဲ့ရင် ရထားမီခဲ့မှာကို။|33,91|120
condition|～たら～た（発見）|…ပြီးတော့ …ဖြစ်နေတာ တွေ့ရ|Vた形＋ら、…た။ အရင်အရာလုပ်ပြီးနောက် မမျှော်လင့်ထားသည့်အခြေအနေ၊ အဖြစ်အပျက်ကို တွေ့ရှိကြောင်း ပြသည်။|箱(はこ)を開(あ)けたら、写真(しゃしん)が入(はい)っていました。|သေတ္တာဖွင့်လိုက်တော့ ဓာတ်ပုံတွေ ပါနေတာ တွေ့ခဲ့တယ်။|88|18,19
condition|～と～た（発見・習慣）|…လိုက်တော့ / …တိုင်း|V辞書形・Vない形＋と。 သဘာဝအကျိုးဆက်၊ ထပ်တလဲလဲဖြစ်မှု၊ လုပ်ပြီးနောက်တွေ့ရှိမှုကို ပြသည်။ နောက်ဝါကျတွင် ကိုယ်တိုင်ဆန္ဒ၊ အမိန့်၊ ဖိတ်ခေါ်ချက် မသုံးလေ့ရှိသည်။|窓(まど)を開(あ)けると、海(うみ)が見(み)えました。|ပြတင်းပေါက်ဖွင့်လိုက်တော့ ပင်လယ်ကို မြင်ခဲ့တယ်။|88,89,91|
report|～ということだ / ～とのことだ|…ဟု ဆိုပါတယ်|普通形＋ということだ／とのことだ။ ကြားသိရသောသတင်း သို့မဟုတ် တစ်ဖက်လူ၏စကားကို ပြန်လည်ဖော်ပြသည်။|連絡(れんらく)によると、会議(かいぎ)は来週(らいしゅう)になるとのことです。|အကြောင်းကြားချက်အရ အစည်းအဝေးက နောက်အပတ် ဖြစ်မယ်လို့ ဆိုပါတယ်။|36|46
report|～と言(い)われている|…ဟု ဆိုကြသည်|普通形＋と言われている။ အများက ပြောဆိုယုံကြည်ကြသည့်အကြောင်းအရာကို ပြသည်။|この町(まち)は、冬(ふゆ)が長(なが)いと言(い)われています。|ဒီမြို့မှာ ဆောင်းရာသီရှည်တယ်လို့ ဆိုကြတယ်။|36|
report|～とか（伝聞）|…လို့ ကြားတယ်|普通形＋とか။ သတင်းကို မသေချာသေးသည့်သဘောဖြင့် ပြောရာတွင် သုံးသည်။ ဥပမာစာရင်း၏ とか နှင့် ခွဲခြားရသည်။|田中(たなか)さんは、来月(らいげつ)引(ひ)っ越(こ)すとか。|တနာကာစံက နောက်လ အိမ်ပြောင်းမယ်လို့ ကြားတယ်။|37|
report|～って（引用・話題）|…လို့ / …ဆိုတာ|普通形／N＋って။ စကားပြောတွင် と၊ という၊ は စသည်၏ အစား သုံးနိုင်သည်။ ရင်းနှီးသည့် စကားပြောအသုံးဖြစ်သည်။|先生(せんせい)が、明日(あした)は休(やす)みだって言(い)っていました。|ဆရာက မနက်ဖြန် ပိတ်တယ်လို့ ပြောထားတယ်။|37|74,75
report|～という / ～といった|…ဟုခေါ်သော / …ကဲ့သို့သော|N＋という＋N သည် အမည်၊ 普通形＋という＋N သည် အကြောင်းအရာကို အထူးပြုသည်။ N＋といった＋N သည် ကိုယ်စားပြုဥပမာများကို ပြသည်။|「さくら」という店(みせ)で、パンを買(か)いました。|ဆာကူရာလို့ ခေါ်တဲ့ဆိုင်မှာ ပေါင်မုန့် ဝယ်ခဲ့တယ်။|37,108|7,20
report|～というのは～ということだ|…ဆိုတာက …ဟု ဆိုလိုတာ|N／引用内容＋というのは၊ 説明＋ということだ။ စကားလုံး သို့မဟုတ် အကြောင်းအရာ၏ အဓိပ္ပာယ်ကို ရှင်းပြသည်။|「無料(むりょう)」というのは、お金(かね)がいらないということです。|အခမဲ့ဆိုတာ ပိုက်ဆံမလိုဘူးလို့ ဆိုလိုတာပါ။|67,108|19,20
report|～と（引用） / ～を～と言(い)う|…ဟု / …ကို …ဟုခေါ်|引用する普通形＋と＋言う／思う စသည်ကို သုံးသည်။ N＋を＋名前＋と言う ဖြင့် အမည်ပေးခြင်းကို ပြသည်။|日本語(にほんご)では、この花(はな)を「桜(さくら)」と言(い)います。|ဂျပန်လို ဒီပန်းကို ဆာကူရာလို့ ခေါ်တယ်။|104|6
certainty|～はずがない / ～わけがない|…ဖြစ်နိုင်စရာမရှိ|普通形၊ な形＋な၊ N＋の + はずがない／わけがない။ အကြောင်းပြချက်ပေါ်မူတည်၍ လုံးဝမဖြစ်နိုင်ဟု ပြောသူ ယုံကြည်ကြောင်း ပြသည်။|鍵(かぎ)を持(も)っていないので、彼(かれ)が入(はい)ったはずがありません。|သော့မရှိလို့ သူဝင်ခဲ့တာ ဖြစ်နိုင်စရာမရှိဘူး။|38|131
certainty|～とは限(かぎ)らない|…ဟု အမြဲမဆိုနိုင်|普通形＋とは限らない။ အများအားဖြင့်မှန်သော်လည်း ခြွင်းချက်ရှိနိုင်ကြောင်း ပြသည်။|高(たか)い物(もの)が、いつも丈夫(じょうぶ)だとは限(かぎ)りません。|ဈေးကြီးတဲ့ပစ္စည်းက အမြဲခိုင်ခံ့တယ်လို့ မဆိုနိုင်ဘူး။|38|
certainty|～わけではない / ～というわけではない|…ဟု မဆိုလို / …တာတော့ မဟုတ်|普通形၊ な形＋な၊ N＋な／である + わけではない။ အကြောင်းအရာကို တစ်စိတ်တစ်ပိုင်းသာ ငြင်းဆိုခြင်း၊ ထင်မြင်ချက်မှားကို ရှင်းခြင်းဖြစ်သည်။|肉(にく)が嫌(きら)いなわけではありませんが、今日(きょう)は食(た)べたくありません。|အသားမကြိုက်တာတော့ မဟုတ်ပေမယ့် ဒီနေ့ မစားချင်ဘူး။|38|
certainty|～ないことはない|…မဖြစ်နိုင်တာတော့ မဟုတ်|Vない形၊ い形くない၊ な形／N＋でない + ことはない။ အကန့်အသတ် သို့မဟုတ် စိတ်မပါမှုရှိသော်လည်း လုပ်နိုင်ကြောင်း၊ ဖြစ်နိုင်ကြောင်း ပြသည်။|一人(ひとり)で運(はこ)べないことはないですが、重(おも)いです。|တစ်ယောက်တည်း မသယ်နိုင်တာတော့ မဟုတ်ပေမယ့် လေးတယ်။|39|
certainty|～ことは～が|…တာတော့ …ပေမယ့်|တူညီသည့်ကြိယာ၊ နာမဝိသေသနကို ことは ၏ရှေ့နှင့်နောက်တွင် ထပ်သုံးသည်။ လက်ခံသော်လည်း အကန့်အသတ်ရှိကြောင်း ပြသည်။|読(よ)んだことは読(よ)んだのですが、全部(ぜんぶ)は覚(おぼ)えていません。|ဖတ်တာတော့ ဖတ်ခဲ့ပေမယ့် အကုန် မမှတ်မိဘူး။|39|
certainty|～はずだ / ～はずだった|…ဖြစ်သင့် / …ဖြစ်မည့်အကြောင်းရှိခဲ့|普通形၊ な形＋な၊ N＋の + はずだ။ သိထားသည့်အချက်အလက်အရ မျှော်လင့်ချက်ကို ပြသည်။ はずだった သည် မျှော်လင့်ထားသော်လည်း တကယ်မဖြစ်ခဲ့သည့်အခြေအနေတွင် သုံးနိုင်သည်။|荷物(にもつ)は、今日(きょう)届(とど)くはずです。|ပါဆယ်က ဒီနေ့ ရောက်သင့်ပါတယ်။|77|130,131
certainty|～わけだ / ～というわけだ|ဒါကြောင့် …တာကိုး|普通形၊ な形＋な၊ N＋な／である + わけだ။ အချက်အလက်များမှ သဘာဝကျသည့်အဖြေကို နားလည်သဘောပေါက်ကြောင်း ပြသည်။|毎日(まいにち)練習(れんしゅう)しているんですね。上手(じょうず)なわけです。|နေ့တိုင်း လေ့ကျင့်နေတာကိုး။ ဒါကြောင့် တော်တာပါ။|74|
certainty|～わけにはいかない|…လုပ်လို့မဖြစ်|V辞書形＋わけにはいかない။ စည်းကမ်း၊ တာဝန်၊ လူမှုရေးအကြောင်းကြောင့် မလုပ်သင့်မလုပ်နိုင်ကြောင်း ပြသည်။ စွမ်းရည်မရှိခြင်းကို ဆိုလိုခြင်းမဟုတ်။|明日(あした)は大事(だいじ)な会議(かいぎ)があるので、休(やす)むわけにはいきません。|မနက်ဖြန် အရေးကြီးအစည်းအဝေးရှိလို့ အနားယူလို့မဖြစ်ဘူး။|74|
certainty|～ないわけにはいかない|…မလုပ်ဘဲနေလို့မဖြစ်|Vない形＋わけにはいかない။ တာဝန် သို့မဟုတ် လူမှုရေးအကြောင်းကြောင့် လုပ်ရမည်ဟု ပြသည်။|約束(やくそく)したので、行(い)かないわけにはいきません。|ကတိပေးထားလို့ မသွားဘဲနေလို့မဖြစ်ဘူး။|75|
request|～てもらいたい / ～ていただきたい|…လုပ်ပေးစေချင်|Vて形＋もらいたい／いただきたい။ သူတစ်ပါးထံမှ အကူအညီရယူလိုကြောင်း ပြသည်။ いただきたい က ပိုယဉ်ကျေးသည်။|先生(せんせい)に、この作文(さくぶん)を見(み)ていただきたいです。|ဆရာ့ကို ဒီစာစီစာကုံး ကြည့်ပေးစေချင်ပါတယ်။|44|
request|～てほしい / ～ないでほしい|…စေချင် / …မလုပ်စေချင်|人＋に＋Vて形＋ほしい၊ Vない形＋でほしい။ တစ်ဖက်လူ၏ အပြုအမူအပေါ် မိမိဆန္ဒကို ပြသည်။ ရာသီဥတုစသည့် ဖြစ်ရပ်များနှင့်လည်း သုံးနိုင်သည်။|ここでは、静(しず)かに話(はな)してほしいです。|ဒီနေရာမှာ တိုးတိုးပြောစေချင်တယ်။|44|34,35
request|～させてもらいたい / ～させていただきたい|…လုပ်ခွင့်ရချင်|V使役形のて形＋もらいたい／いただきたい။ မိမိလုပ်ဆောင်မှုအတွက် တစ်ဖက်လူထံ ခွင့်တောင်းလိုကြောင်း ပြသည်။|次(つぎ)の会議(かいぎ)で、私(わたし)にも説明(せつめい)させていただきたいです。|နောက်အစည်းအဝေးမှာ ကျွန်တော်လည်း ရှင်းပြခွင့်ရချင်ပါတယ်။|44|
request|～させてほしい|…လုပ်ခွင့်ပေးစေချင်|V使役形のて形＋ほしい။ မိမိလုပ်လိုသည့်အရာကို တစ်ဖက်လူက ခွင့်ပြုပေးစေချင်ကြောင်း ပြသည်။|今日(きょう)は、少(すこ)し早(はや)く帰(かえ)らせてほしいです。|ဒီနေ့ နည်းနည်းစောပြီး ပြန်ခွင့်ပေးစေချင်ပါတယ်။|44|
request|～といい / ～ばいい / ～たらいい（願望）|…ရင် ကောင်းမယ်|普通形＋といい၊ Vば形＋いい၊ Vた形＋らいい။ လိုချင်သည့်အခြေအနေ ဖြစ်လာစေချင်ကြောင်း ပြသည်။ မိမိထိန်းချုပ်နိုင်သောလုပ်ဆောင်မှုထက် အခြေအနေကို မျှော်လင့်ရာတွင် သုံးသည်။|週末(しゅうまつ)は、晴(は)れるといいですね。|ပိတ်ရက်မှာ နေသာရင် ကောင်းမယ်နော်။|45|
request|～てもらえませんか / ～ていただけませんか|…လုပ်ပေးနိုင်မလား|Vて形＋もらえませんか／いただけませんか။ အကူအညီကို ယဉ်ကျေးစွာတောင်းသည်။ いただけないでしょうか ဖြင့် ပိုယဉ်ကျေးစွာ ပြောနိုင်သည်။|この漢字(かんじ)の読(よ)み方(かた)を教(おし)えていただけませんか。|ဒီခန်းဂျီး ဖတ်နည်းကို သင်ပေးနိုင်မလားခင်ဗျာ။||4
request|～させてもらえませんか / ～させていただけませんか|…လုပ်ခွင့်ပေးနိုင်မလား|V使役形のて形＋もらえませんか／いただけませんか။ ကိုယ်တိုင်လုပ်ရန် ခွင့်တောင်းသည့်ပုံစံဖြစ်သည်။ သူတစ်ပါးကိုလုပ်ခိုင်းခြင်း၏ တောင်းဆိုမှုပုံစံနှင့် ခွဲခြားရသည်။|ここで写真(しゃしん)を撮(と)らせていただけませんか。|ဒီနေရာမှာ ဓာတ်ပုံရိုက်ခွင့်ပေးနိုင်မလားခင်ဗျာ။||32
advice|命令形(めいれいけい) / ～な（禁止）|လုပ်ပါ / မလုပ်နဲ့|五段V သည် နောက်ဆုံးう段ကိုえ段သို့ပြောင်း၊ 一段V သည် る→ろ၊ する→しろ၊ 来る→来い။ တားမြစ်ရာတွင် V辞書形＋な သုံးသည်။ ပြင်းထန်သောအမိန့်နှင့် လုံခြုံရေးညွှန်ကြားချက်များတွင် တွေ့ရသည်။|危(あぶ)ないから、そこに入(はい)るな。|အန္တရာယ်ရှိလို့ အဲဒီထဲ မဝင်နဲ့။|46|
advice|～こと（指示）|…ရန် / …မလုပ်ရန်|V辞書形／Vない形＋こと။ ကြေညာစာ၊ စည်းကမ်းနှင့် ညွှန်ကြားချက်တွင် အမိန့်ကို ပြသည်။ နာမ်ပြုခြင်း၏ こと နှင့် ခွဲခြားရသည်။|教室(きょうしつ)では、携帯電話(けいたいでんわ)を使(つか)わないこと。|စာသင်ခန်းထဲတွင် ဖုန်းမသုံးရန်။|46|
advice|～べきだ / ～べきではない|…သင့် / …မသင့်|V辞書形＋べきだ／べきではない။ する သည် するべき／すべき နှစ်မျိုးရသည်။ တာဝန်၊ ကျင့်ဝတ်အရ သင့်မသင့်ကို ပြသည်။|借(か)りた物(もの)は、約束(やくそく)の日(ひ)に返(かえ)すべきです。|ငှားထားတဲ့ပစ္စည်းကို ကတိထားတဲ့နေ့မှာ ပြန်ပေးသင့်တယ်။|47|
advice|～たらどうか / ～たらどう|…လုပ်ရင် ဘယ်လိုလဲ|Vた形＋らどうか／らどう။ တစ်ဖက်လူ၏ပြဿနာအတွက် အကြံပြုသည်။ ရင်းနှီးသည့်အကြံဖြစ်ပြီး အထက်လူကြီးကို ပြောရာတွင် အသံနေအသံထားသတိထားရသည်။|一度(いちど)、先生(せんせい)に相談(そうだん)したらどうですか。|တစ်ခါလောက် ဆရာ့ကို တိုင်ပင်ကြည့်ရင် ဘယ်လိုလဲ။|47|145
advice|～なくてはならない / ～なくてはいけない|…လုပ်ရမည်|Vない形၏ ない ကို なくては にပြောင်း၍ ならない／いけない ဆက်သည်။ လိုအပ်ချက်၊ တာဝန်ကို ပြသည်။|明日(あした)までに、この書類(しょるい)を書(か)かなくてはなりません。|မနက်ဖြန်မတိုင်ခင် ဒီစာရွက်စာတမ်းကို ရေးရမယ်။||88
advice|～なくてもかまわない / ～てもかまわない|…မလုပ်လည်းရ / …လုပ်လည်းရ|Vなくても／Vても＋かまわない။ မလုပ်လည်းပြဿနာမရှိခြင်း သို့မဟုတ် လုပ်ခွင့်ရှိခြင်းကို ပြသည်။|明日(あした)は、制服(せいふく)を着(き)なくてもかまいません。|မနက်ဖြန် ယူနီဖောင်းမဝတ်လည်း ရပါတယ်။||88,117
intention|～ことにする / ～ことにしている|…ရန်ဆုံးဖြတ် / …ရန်အမြဲသတ်မှတ်ထား|V辞書形／Vない形＋ことにする။ မိမိဆုံးဖြတ်ခြင်းဖြစ်သည်။ ことにしている သည် ဆုံးဖြတ်ထားသည့်အလေ့အကျင့်ကို ဆက်လိုက်နာနေခြင်းဖြစ်သည်။|毎朝(まいあさ)、十五分(じゅうごふん)歩(ある)くことにしています。|မနက်တိုင်း ဆယ့်ငါးမိနစ် လမ်းလျှောက်ဖို့ သတ်မှတ်ပြီး လိုက်လုပ်နေတယ်။|50|33
intention|～ことになる / ～ことになっている|…ရန်ဆုံးဖြတ်ဖြစ် / …ရန်သတ်မှတ်ထား|V辞書形／Vない形＋ことになる။ အပြင်ဘက်ဆုံးဖြတ်ချက်၊ အခြေအနေအရဖြစ်လာမှုကို ပြသည်။ ことになっている သည် စည်းကမ်း၊ အစီအစဉ်ကို ပြသည်။|来月(らいげつ)から、別(べつ)の教室(きょうしつ)で勉強(べんきょう)することになりました。|နောက်လကစပြီး အခြားစာသင်ခန်းမှာ သင်ဖို့ ဆုံးဖြတ်ဖြစ်ခဲ့တယ်။|85|34
intention|～ようにする / ～ようにしている|…အောင် ကြိုးစား / …အောင်လုပ်နေ|V辞書形／Vない形＋ようにする။ ရည်ရွယ်ထားသည့်အပြုအမူကို ကြိုးစားလုပ်ခြင်းဖြစ်သည်။ ようにしている သည် ထပ်တလဲလဲ အားထုတ်နေခြင်းကို ပြသည်။|毎日(まいにち)、新(あたら)しい言葉(ことば)を五(いつ)つ覚(おぼ)えるようにしています。|နေ့တိုင်း စကားလုံးအသစ် ငါးလုံးမှတ်မိအောင် ကြိုးစားနေတယ်။|50,85|
intention|～ようになる / ～ようになっている|…လာ / …နိုင်လာ / …အောင်ပြုလုပ်ထား|V辞書形／Vない形＋ようになる။ အလေ့အကျင့်၊ စွမ်းရည်၊ အခြေအနေပြောင်းလဲလာခြင်းကို ပြသည်။ ようになっている သည် စနစ်၊ ဖွဲ့စည်းပုံအရ ထိုသို့ဖြစ်အောင်လုပ်ထားခြင်းကိုလည်း ပြသည်။|最近(さいきん)、新聞(しんぶん)を読(よ)めるようになりました。|အခုတလော သတင်းစာ ဖတ်နိုင်လာတယ်။|85,87|
intention|～ようとする / ～ようとしない|…လုပ်ဖို့ကြိုးစား / …လုပ်ရန်စိတ်မပါ|V意向形＋とする／としない။ လုပ်ရန်ကြိုးစားခြင်း၊ လုပ်တော့မည့်အဆင့်ကို ပြသည်။ としない သည် လုပ်ဖို့ဆန္ဒမရှိခြင်းကို ပြသည်။|寝(ね)ようとしたとき、電話(でんわ)が鳴(な)りました。|အိပ်တော့မလို့လုပ်တဲ့အချိန် ဖုန်းမြည်လာတယ်။|51|62,63
intention|～つもりだ / ～つもりはない / ～つもりだった|…ရန်ရည်ရွယ် / …ရန်မရည်ရွယ် / …ရန်ရည်ရွယ်ခဲ့|V辞書形／Vない形＋つもりだ၊ V辞書形＋つもりはない။ つもりだった သည် အရင်ရည်ရွယ်ချက်ကို ပြပြီး လက်တွေ့မဖြစ်သည့်အခြေအနေတွင်လည်း သုံးသည်။|今年(ことし)の夏(なつ)は、国(くに)へ帰(かえ)るつもりです。|ဒီနှစ်နွေမှာ နိုင်ငံကို ပြန်ဖို့ ရည်ရွယ်ထားတယ်။|51|75,76
intention|～つもりで / ～ているつもり|…ဟုသဘောထားပြီး / …နေသည်ဟု ထင်ထား|Vた形／N＋の＋つもりで သည် တကယ်မဟုတ်သော်လည်း ထိုသို့သဘောထား၍လုပ်ခြင်း၊ Vている＋つもり သည် မိမိလုပ်နေသည်ဟုထင်ထားခြင်းကို ပြသည်။|旅行(りょこう)したつもりで、貯金(ちょきん)しました。|ခရီးသွားခဲ့တယ်လို့ သဘောထားပြီး အဲဒီငွေကို စုခဲ့တယ်။||76
purpose|～ために（目的）|…ရန်အတွက်|V辞書形၊ N＋の＋ために။ မိမိဆန္ဒဖြင့် လုပ်နိုင်သည့်ရည်ရွယ်ချက်ကို ပြသည်။ ကြိယာဝါကျနှစ်ခု၏ လုပ်သူတူလေ့ရှိသည်။ 原因၏ ために နှင့် ခွဲခြားပါ။|留学(りゅうがく)するために、お金(かね)を貯(た)めています。|နိုင်ငံခြားပညာသင်ဖို့ ငွေစုနေတယ်။|73|119
purpose|～ように（目的）|…အောင် / …နိုင်အောင်|V辞書形／Vない形＋ように။ စွမ်းရည်၊ အခြေအနေ သို့မဟုတ် မဖြစ်စေလိုသည့်ရလဒ်ကို ရည်ရွယ်သည်။ できる၊ わかる၊ 忘れない စသည်နှင့် မကြာခဏသုံးသည်။|忘(わす)れないように、メモを書(か)きました。|မမေ့အောင် မှတ်စု ရေးခဲ့တယ်။|71,73|
purpose|～ように言(い)う / ～ように頼(たの)む|…ရန်ပြော / …ရန်တောင်းဆို|V辞書形／Vない形＋ように＋言う／頼む／伝える／注意する။ တောင်းဆိုချက်၊ ညွှန်ကြားချက်ကို တိုက်ရိုက်ကိုးကားမထားဘဲ ပြန်ပြောသည်။|先生(せんせい)は、辞書(じしょ)を持(も)ってくるように言(い)いました。|ဆရာက အဘိဓာန်ယူလာဖို့ ပြောခဲ့တယ်။|71|20,21
purpose|～ことが / ～ことを|…ခြင်းက / …ခြင်းကို|V辞書形／Vない形＋こと＋助詞။ ကြိယာဝါကျကို နာမ်အဖြစ် ပြောင်းသည်။ ことが大切၊ ことを目標にする စသည်နှင့် သုံးနိုင်သည်။|毎日(まいにち)続(つづ)けることが大切(たいせつ)です。|နေ့တိုင်း ဆက်လုပ်ဖို့က အရေးကြီးတယ်။|66|5,6
appearance|～ようだ / ～ような / ～ように（比喩）|…ကဲ့သို့ / …ပုံစံမျိုး|N＋の／V普通形＋ようだ။ နာမ်ရှေ့တွင် ような၊ ကြိယာ၊ နာမဝိသေသနရှေ့တွင် ように သုံးသည်။ ဆင်တူမှုနှင့် ဥပမာကို ပြသည်။|この雲(くも)は、鳥(とり)のような形(かたち)をしています。|ဒီတိမ်က ငှက်လိုပုံစံ ရှိတယ်။|70|5
appearance|～ようだ（推量）|…ပုံရသည်|普通形၊ な形＋な၊ N＋の＋ようだ။ ကိုယ်တိုင်မြင်၊ ကြား၊ ခံစားရသည့် အထောက်အထားပေါ်မူတည်၍ ခန့်မှန်းသည်။|部屋(へや)が暗(くら)いので、誰(だれ)もいないようです。|အခန်းက မှောင်နေလို့ ဘယ်သူမှမရှိတဲ့ပုံပါပဲ။|97,99|
appearance|～みたいだ / ～みたいな / ～みたいに|…လိုပဲ / …ပုံရ|普通形၊ N／な形語幹＋みたいだ။ ようだ နှင့် ဆင်တူသော်လည်း စကားပြောတွင် ပိုသုံးသည်။ နာမ်ရှေ့ みたいな၊ ကြိယာရှေ့ みたいに သုံးသည်။|このお菓子(かし)は、雪(ゆき)みたいに白(しろ)いです。|ဒီမုန့်က နှင်းလို ဖြူတယ်။|97,99|21,22
appearance|～らしい（伝聞・推量）|…ဟုကြားရ / …ပုံရ|普通形၊ N／な形語幹＋らしい။ ကြားသိရသောသတင်း၊ အခြေအနေအထောက်အထားအရ ခန့်မှန်းခြင်းကို ပြသည်။|あの店(みせ)は、来週(らいしゅう)から休(やす)みらしいです。|အဲဒီဆိုင်က နောက်အပတ်ကစပြီး ပိတ်မယ်လို့ ကြားရတယ်။|97,99|146
appearance|～らしい（典型）|…ပီသသော|N＋らしい။ လူ၊ အရာ၏ သဘာဝလက္ခဏာနှင့်ကိုက်ညီကြောင်း ပြသည်။ သတင်းကြားသိခြင်း၏ らしい နှင့် ခွဲခြားပါ။|今日(きょう)は暖(あたた)かくて、春(はる)らしい天気(てんき)です。|ဒီနေ့ နွေးပြီး နွေဦးပီသတဲ့ ရာသီဥတုပါ။|97,99|146
appearance|～そうだ / ～そうな / ～そうに（様態）|…မည့်ပုံ / …ပုံရ|Vます語幹၊ い形၏いဖြုတ်၊ な形語幹＋そうだ။ いい→よさそう၊ ない→なさそう။ ကြည့်မြင်ရသောအခြေအနေ၊ ဖြစ်တော့မည့်ပုံကို ပြသည်။|このかばんは、丈夫(じょうぶ)そうです。|ဒီအိတ်က ခိုင်ခံ့မယ့်ပုံပါပဲ။||35,36
appearance|～そうにない / ～そうもない|…မည့်ပုံမရ|Vます語幹＋そうにない／そうもない။ လက်ရှိအခြေအနေအရ ဖြစ်နိုင်မည့်ပုံမရကြောင်း ပြသည်။ そうもない က ပိုအလေးပေးသည်။|仕事(しごと)が多(おお)くて、六時(ろくじ)には帰(かえ)れそうもありません。|အလုပ်များလို့ ခြောက်နာရီမှာ ပြန်နိုင်မယ့်ပုံမရဘူး။||36
appearance|～そうだ（伝聞）|…လို့ ကြားရသည်|普通形＋そうだ။ N／な形 ၏だ ကို ထိန်းထားသည်။ ကြားသိရသည့်သတင်းကို ပြပြီး ပုံသဏ္ဌာန်ခန့်မှန်းသော そうだ နှင့် ချိတ်ဆက်ပုံမတူ။|天気予報(てんきよほう)によると、明日(あした)は寒(さむ)いそうです。|မိုးလေဝသခန့်မှန်းချက်အရ မနက်ဖြန် အေးမယ်လို့ ကြားရတယ်။|99|
appearance|～っぽい|…ဆန် / …လွယ်တတ်|N／အချို့Vます語幹＋っぽい။ လက္ခဏာဆန်ခြင်း၊ ထိုသို့ဖြစ်လွယ်ခြင်းကို ပြသည်။ い形容詞 လို ပြောင်းလဲသုံးသည်။|最近(さいきん)、忘(わす)れっぽくなりました。|အခုတလော မေ့လွယ်လာတယ်။|97|
appearance|～がる / ～がっている|…ချင်နေပုံ / …ခံစားနေပုံ|い形၏いဖြုတ်／な形語幹／Vたい၏いဖြုတ်＋がる။ သူတစ်ပါး၏ပြင်ပအပြုအမူမှ စိတ်ခံစားမှု၊ လိုချင်မှုကို ပြသည်။ လက်ရှိအခြေအနေကို がっている ဖြင့် မကြာခဏသုံးသည်။|妹(いもうと)は、新(あたら)しい自転車(じてんしゃ)を欲(ほ)しがっています。|ညီမက စက်ဘီးအသစ် လိုချင်နေတယ်။||49,50
limit|～ばかり / ～てばかりいる|…ချည်းပဲ / …ပဲလုပ်နေ|N＋ばかり၊ Vて形＋ばかりいる။ ထိုအရာများသာများနေခြင်း သို့မဟုတ် ထိုအပြုအမူကို ထပ်တလဲလဲလုပ်နေခြင်းကို ပြသည်။|弟(おとうと)は、休(やす)みの日(ひ)にゲームをしてばかりいます。|ညီက ပိတ်ရက်မှာ ဂိမ်းပဲ ကစားနေတယ်။|80|77
limit|～ばかりでなく|…သာမက|普通形၊ な形＋な／である၊ N＋ばかりでなく။ အခြားအကြောင်းအရာလည်းရှိကြောင်း ထပ်ဖြည့်သည်။ နောက်ဝါကျတွင် も ကို မကြာခဏသုံးသည်။|この店(みせ)は、安(やす)いばかりでなく、料理(りょうり)もおいしいです。|ဒီဆိုင်က ဈေးသက်သာရုံသာမက ဟင်းလည်း အရသာရှိတယ်။|80|
limit|～ばかりだ|…ချည်းသာ ဆက်ဖြစ်နေ|V辞書形＋ばかりだ။ အခြေအနေတစ်ခုက တစ်ဘက်တည်းဆက်ပြောင်းလဲနေပြီး မကောင်းသည့်ပြောင်းလဲမှုနှင့် မကြာခဏသုံးသည်။|何(なに)もしなければ、問題(もんだい)は増(ふ)えるばかりです。|ဘာမှမလုပ်ရင် ပြဿနာက တိုးလာချည်းပဲ ဖြစ်မယ်။|81|
limit|～だけ / ～しか～ない|…သာ|N／普通形＋だけ၊ N＋しか＋否定။ だけ က ရိုးရိုးကန့်သတ်ခြင်း၊ しか は အဲဒီပမာဏထက်ပိုမရှိကြောင်း ပြသည်။ しか နှင့် အငြင်းပုံစံ မဖြစ်မနေသုံးသည်။|財布(さいふ)には、千円(せんえん)しかありません。|ပိုက်ဆံအိတ်ထဲ ယန်းတစ်ထောင်ပဲ ရှိတယ်။|59|
limit|～だけでいい / ただ～だけだ|…ရုံနဲ့ရ / …ရုံသာ|V辞書形・Vた／N＋だけでいい။ အနည်းဆုံးလိုအပ်ချက်ကို ပြသည်။ ただ＋普通形＋だけだ သည် ထိုအရာတစ်ခုသာဟု ပြသည်။|名前(なまえ)を書(か)くだけでいいです。|နာမည်ရေးရုံနဲ့ ရပါတယ်။||89
limit|～も / ～でも / ～まで（強調）|…တောင် / …အထိတောင်|N＋も／でも／まで။ မျှော်လင့်ထားသည်ထက်ပမာဏများခြင်း၊ အံ့ဩစရာအရာပါဝင်ခြင်းကို ပြသည်။ でも သည် အစွန်းရောက်ဥပမာ၊ まで သည် ပိုမမျှော်လင့်ထားသည့်အရာအထိပါခြင်းကို ပြနိုင်သည်။|簡単(かんたん)なので、子供(こども)でも使(つか)えます。|လွယ်လို့ ကလေးတောင် သုံးနိုင်တယ်။|58,59,61|
limit|～はもちろん～も|…ကတော့ပြောစရာမလို …လည်း|N＋はもちろん၊ N＋も။ ပထမအရာသည် သိပြီးသား သဘာဝကျသည့်အချက်ဖြစ်ပြီး နောက်အရာကို ထပ်ဖြည့်သည်။|彼(かれ)は、日本語(にほんご)はもちろん、英語(えいご)も話(はな)せます。|သူက ဂျပန်စာကတော့ ပြောစရာမလို အင်္ဂလိပ်လိုလည်း ပြောနိုင်တယ်။|110|
limit|～も～ば～も / ～も～なら～も|…လည်းရှိ …လည်းရှိ|N＋も＋Vば形、N＋も၊ N＋も＋N／な形＋なら、N＋も။ လက္ခဏာ၊ အရာနှစ်ခုကို တွဲထည့်ဖော်ပြသည်။ အကောင်းအဆိုး နှစ်မျိုးလုံးနှင့် သုံးနိုင်သည်။|この町(まち)には、図書館(としょかん)もあれば、公園(こうえん)もあります。|ဒီမြို့မှာ စာကြည့်တိုက်လည်းရှိ ပန်းခြံလည်းရှိတယ်။|89|
limit|疑問詞(ぎもんし)＋ても / でも|ဘယ်…ဖြစ်ဖြစ်|いつ・どこ・何・誰＋ても／でも။ ဘယ်အချိန်၊ ဘယ်နေရာ၊ ဘယ်သူဖြစ်ဖြစ် ရလဒ်မပြောင်းကြောင်း ပြသည်။ 疑問詞 နှင့် 助詞 ချိတ်ဆက်ပုံကို ဝါကျအလိုက် ရွေးသည်။|どこへ行(い)っても、この写真(しゃしん)を持(も)っていきます。|ဘယ်နေရာသွားသွား ဒီဓာတ်ပုံကို ယူသွားမယ်။||8
limit|～なんか / ～なんて|…လိုဟာ / …ဆိုတာ|N＋なんか၊ N／普通形＋なんて။ အရာကို နှိမ့်ချပြောခြင်း၊ အံ့ဩခြင်း၊ မယုံနိုင်ခြင်းကို ပြသည်။ တစ်ဖက်လူ၏အရာကို ပြောလျှင် ရိုင်းသွားနိုင်သည်။|彼(かれ)が一人(ひとり)で作(つく)ったなんて、驚(おどろ)きました。|သူတစ်ယောက်တည်း လုပ်ခဲ့တယ်ဆိုတာ အံ့ဩခဲ့တယ်။|59|90,91
relations|～について|…နှင့်ပတ်သက်၍|N＋について၊ N＋についての＋N။ စကားပြော၊ စဉ်းစား၊ လေ့လာသည့် အကြောင်းအရာကို ပြသည်။|日本(にほん)の歴史(れきし)について、調(しら)べています。|ဂျပန်သမိုင်းနဲ့ပတ်သက်ပြီး လေ့လာနေတယ်။|62,65|
relations|～に対(たい)して / ～に対(たい)する（対象）|…အပေါ် / …ကိုရည်ရွယ်၍|N＋に対して၊ N＋に対する＋N။ အပြုအမူ၊ ခံစားချက်၏ဦးတည်ရာကို ပြသည်။ နှိုင်းယှဉ်ဆန့်ကျင်မှု၏ に対して နှင့် ခွဲခြားပါ။|先生(せんせい)に対(たい)して、失礼(しつれい)なことを言(い)ってはいけません。|ဆရာ့အပေါ် မယဉ်ကျေးတဲ့စကား မပြောရဘူး။|62,65|
relations|～にとって|…အတွက် / …အမြင်အရ|N＋にとって။ ထိုလူ၏အမြင်မှ အရေးကြီးမှု၊ အကဲဖြတ်ချက်ကို ပြသည်။ ပေးခြင်း၏ဦးတည်ရာကို ပြသည့် に နှင့် ခွဲခြားပါ။|私(わたし)にとって、家族(かぞく)が一番(いちばん)大切(たいせつ)です。|ကျွန်တော့်အတွက် မိသားစုက အရေးကြီးဆုံးပါ။|63,65|
relations|～として|…အဖြစ်|N＋として၊ N＋としての＋N။ အခန်းကဏ္ဍ၊ ရာထူး၊ အနေအထားကို ပြသည်။|彼(かれ)は、通訳(つうやく)として働(はたら)いています。|သူက စကားပြန်အဖြစ် အလုပ်လုပ်နေတယ်။|63|147
relations|～によって（受身の動作主）|…က / …၏လုပ်ဆောင်မှုဖြင့်|N＋によって＋受身。 တီထွင်၊ ရှာဖွေ၊ ဖန်တီးသူကို ပြသည်။ တိုက်ရိုက်ခံရသည့်အပြုအမူတွင် သာမန်အားဖြင့် に ကို သုံးသည်။|この絵(え)は、有名(ゆうめい)な画家(がか)によって描(えが)かれました。|ဒီပန်းချီကို နာမည်ကြီးပန်းချီဆရာက ရေးဆွဲခဲ့တယ်။|62|
relations|～との / ～への / ～からの / ～までの / ～での|…နှင့်ဆိုင်သော / …သို့ / …မှ / …အထိ / …တွင်ရှိသော|N＋助詞＋の＋N။ と・へ・から・まで・で ၏ဆက်နွယ်မှုကို နောက်နာမ်သို့ ချိတ်ဆက်သည်။ に＋の မသုံးဘဲ への သို့မဟုတ် အခြားသင့်လျော်သောပုံစံကို သုံးသည်။|友達(ともだち)からの手紙(てがみ)を読(よ)みました。|သူငယ်ချင်းဆီက စာကို ဖတ်ခဲ့တယ်။||63,64
voice|受身形(うけみけい) ～れる / ～られる|…ခြင်းခံရ|五段V သည် う段→あ段＋れる၊ 一段V သည် る→られる၊ する→される၊ 来る→来られる။ လုပ်ဆောင်မှုကို ခံရသူဘက်မှ ပြောသည်။ အနှောင့်အယှက်ခံရသည့် သွယ်ဝိုက်受身လည်း ရှိသည်။|私(わたし)は、先生(せんせい)に褒(ほ)められました。|ကျွန်တော် ဆရာ့ရဲ့ ချီးကျူးခြင်းကို ခံခဲ့ရတယ်။|128|159,160
voice|使役形(しえきけい) ～せる / ～させる|…ခိုင်း / …စေ / …ခွင့်ပြု|五段V သည် う段→あ段＋せる၊ 一段V သည် る→させる၊ する→させる၊ 来る→来させる။ တစ်ဖက်လူကို လုပ်ခိုင်းခြင်း၊ ခွင့်ပြုခြင်း သို့မဟုတ် စိတ်ခံစားမှုဖြစ်စေခြင်းကို ပြသည်။|母(はは)は、子供(こども)に部屋(へや)を掃除(そうじ)させました。|အမေက ကလေးကို အခန်းရှင်းခိုင်းခဲ့တယ်။|128|91,92
voice|使役受身(しえきうけみ) ～させられる / ～される|…အတင်းခိုင်းခံရ|使役形＋られる။ 五段V တွင် 書かされる ကဲ့သို့ အတိုပုံစံရှိသည်။ 話す ကဲ့သို့ すဖြင့်ဆုံးလျှင် 話させられる ကို သုံးသည်။ 一段V သည် 食べさせられる ဖြစ်သည်။|私(わたし)は、兄(あに)に重(おも)い荷物(にもつ)を運(はこ)ばされました。|ကျွန်တော် အစ်ကို့ရဲ့ လေးတဲ့အထုပ် သယ်ခိုင်းခြင်းကို ခံခဲ့ရတယ်။|128|48,91,92
voice|自動詞(じどうし) / 他動詞(たどうし)|သူ့အလိုလိုဖြစ် / တစ်စုံတစ်ခုကိုလုပ်|自動詞 သည် အခြေအနေ၊ ပြောင်းလဲမှုကို が ဖြင့် ပြသည်။ 他動詞 သည် ပြုလုပ်သူက အရာကိုပြောင်းလဲခြင်းဖြစ်ပြီး အရာဝတ္ထုကို を ဖြင့် ပြသည်။ 開く／開ける၊ 壊れる／壊す စသည်ကို တွဲမှတ်ပါ။|風(かぜ)でドアが開(あ)きました。私(わたし)がドアを閉(し)めました。|လေကြောင့် တံခါးပွင့်သွားတယ်။ ကျွန်တော် တံခါးကို ပိတ်ခဲ့တယ်။|122|
voice|～ている（動作・結果・習慣）|…နေ / …ထား / …လေ့ရှိ|Vて形＋いる။ လုပ်နေဆဲ၊ ဖြစ်ပြီးကျန်နေသောအခြေအနေ၊ အလေ့အကျင့်နှင့် အတွေ့အကြုံကို ဝါကျအကြောင်းအရာအလိုက် ပြသည်။|窓(まど)が開(あ)いています。|ပြတင်းပေါက် ပွင့်နေတယ်။|118|148
voice|～てくる / ～ていく|…လာ / …သွား / …ဆက်ဖြစ်လာမည်|Vて形＋くる／いく။ ပြောသူရှိရာသို့ဦးတည်ခြင်း၊ အဝေးသို့ဦးတည်ခြင်း၊ အတိတ်မှယခုအထိ ပြောင်းလဲလာခြင်း၊ ယခုမှအနာဂတ်သို့ ဆက်ပြောင်းလဲခြင်းကို ပြသည်။|日本語(にほんご)のニュースが、少(すこ)しずつわかってきました。|ဂျပန်သတင်းကို နည်းနည်းစီ နားလည်လာတယ်။|124|77,78,144
voice|～てあげる / ～てくれる / ～てもらう|…လုပ်ပေး / …လုပ်ပေးရ / …လုပ်ပေးခြင်းကိုရ|Vて形＋あげる／くれる／もらう။ あげる သည် ကိုယ်ကသူတစ်ပါးကိုကူညီ၊ くれる သည် သူတစ်ပါးကကိုယ့်ဘက်ကိုကူညီ၊ もらう သည် ကိုယ်ကအကူအညီရယူသည့်ဘက်မှ ပြောသည်။|友達(ともだち)に、駅(えき)まで送(おく)ってもらいました。|သူငယ်ချင်းက ဘူတာအထိ လိုက်ပို့ပေးခဲ့တယ်။|130|
polite|尊敬語(そんけいご) お～になる / ～れる・～られる|လေးစားသည့်အသုံး|お＋Vます語幹＋になる ဖြင့် တစ်ဖက်လူ၏လုပ်ဆောင်မှုကို လေးစားပြောသည်။ 尊敬၏ れる／られる၊ いらっしゃる・召し上がる・おっしゃる စသည့်အထူးပုံစံများလည်း ရှိသည်။|先生(せんせい)は、もうお帰(かえ)りになりました。|ဆရာက ပြန်သွားပါပြီခင်ဗျာ။|52|
polite|謙譲語(けんじょうご) お～する / ご～する|မိမိလုပ်ဆောင်မှုကို နှိမ့်ချပြော|お＋Vます語幹＋する၊ အချို့漢語名詞＋ご＋する။ တစ်ဖက်လူနှင့်ဆိုင်သည့် မိမိလုပ်ဆောင်မှုကို နှိမ့်ချပြောသည်။ 伺う・申し上げる・拝見する စသည်ကိုလည်း သုံးသည်။|私(わたし)が、お荷物(にもつ)をお持(も)ちします。|ကျွန်တော် အထုပ်ကို သယ်ပေးပါမယ်ခင်ဗျာ။|52|
polite|謙譲語(けんじょうご) 参(まい)る / 申(もう)す / おる / いたす|မိမိဘက်၏လုပ်ဆောင်မှုကို ယဉ်ကျေးစွာပြော|参る＝行く／来る၊ 申す＝言う၊ おる＝いる၊ いたす＝する။ မိမိနှင့်မိမိအဖွဲ့၏ အကြောင်းအရာကို နားထောင်သူအား ယဉ်ကျေးစွာ ပြောသည်။|私(わたし)は、アウンと申(もう)します。|ကျွန်တော့်အမည် အောင်ပါခင်ဗျာ။|52,53|
polite|～ております / ～でございます|…နေပါသည် / …ဖြစ်ပါသည်|Vて形＋おります သည် မိမိဘက်၏အခြေအနေကို ယဉ်ကျေးစွာပြောသည်။ N／な形語幹＋でございます သည် です ထက်ပိုယဉ်ကျေးပြီး ဝန်ဆောင်မှု၊ တရားဝင်ပြောဆိုမှုတွင် သုံးသည်။|ただいま、資料(しりょう)を準備(じゅんび)しております。|ယခု စာရွက်စာတမ်းတွေ ပြင်ဆင်နေပါတယ်ခင်ဗျာ။|53|52,128
polite|～である|…ဖြစ်သည်|N／な形語幹＋である။ အစီရင်ခံစာ၊ ဆောင်းပါးတွင် သုံးသည့် စာရေးဟန်ဖြစ်သည်။ だ・である体 နှင့် です・ます体 ကို တစ်ပုဒ်အတွင်း တစ်သမတ်တည်းသုံးပါ။|これは、日本(にほん)の伝統的(でんとうてき)な料理(りょうり)である。|ဤသည် ဂျပန်၏ ရိုးရာဟင်းလျာဖြစ်သည်။|142,143|49
compound|～やすい / ～にくい|…လွယ် / …ခက်|Vます語幹＋やすい／にくい။ လုပ်ရလွယ်ခက်ခြင်းနှင့် ထိုအရာဖြစ်လွယ်ခက်ခြင်းကို ပြသည်။ い形容詞 လို ပြောင်းလဲသုံးသည်။|このペンは、書(か)きやすいです。|ဒီဘောပင်က ရေးရလွယ်တယ်။|96|
compound|～始(はじ)める / ～終(お)わる / ～続(つづ)ける|စ… / …ပြီးဆုံး / ဆက်…|Vます語幹＋始める／終わる／続ける။ လုပ်ဆောင်မှုစတင်ခြင်း၊ အဆုံးသတ်ခြင်း၊ ဆက်လုပ်ခြင်းကို ပြသည်။|雨(あめ)が降(ふ)り始(はじ)めました。|မိုး စရွာလာတယ်။||133,134
compound|～出(だ)す|ရုတ်တရက် စ…|Vます語幹＋出す။ လုပ်ဆောင်မှုရုတ်တရက်စခြင်းကို ပြပြီး 泣き出す・降り出す စသည်နှင့် မကြာခဏသုံးသည်။|赤(あか)ちゃんが、急(きゅう)に泣(な)き出(だ)しました。|ကလေးက ရုတ်တရက် စငိုလာတယ်။|96|133
compound|～忘(わす)れる / ～合(あ)う / ～換(か)える|…ရန်မေ့ / အပြန်အလှန်… / …ပြောင်း|Vます語幹＋忘れる／合う／換える။ လုပ်ဖို့မေ့ခြင်း၊ အချင်းချင်းလုပ်ခြင်း၊ အစားထိုးပြောင်းခြင်းကို ပြသည်။ ကြိယာတိုင်းနှင့် မတွဲနိုင်၍ အသုံးများသောတွဲဖက်ပုံကို မှတ်ပါ။|駅(えき)で、電車(でんしゃ)を乗(の)り換(か)えます。|ဘူတာမှာ ရထား ပြောင်းစီးမယ်။||134
compound|～すぎる|…လွန်း|Vます語幹၊ い形၏いဖြုတ်၊ な形語幹＋すぎる။ သင့်တော်သည့်အတိုင်းအတာထက် ကျော်လွန်ခြင်းကို ပြသည်။|昨日(きのう)、食(た)べすぎてしまいました。|မနေ့က စားလွန်းသွားခဲ့တယ်။|97|
compound|～通(とお)す|အဆုံးထိ…|Vます語幹＋通す။ အခက်အခဲရှိသော်လည်း အဆုံးထိလုပ်ခြင်းကို အလေးပေးသည်။ 単にဆက်လုပ်ခြင်းကို ပြသည့် 続ける နှင့် ကွာခြားသည်။|最後(さいご)まで、自分(じぶん)の考(かんが)えを話(はな)し通(とお)しました。|နောက်ဆုံးအထိ ကိုယ့်အတွေးကို အပြည့်အဝ ပြောခဲ့တယ်။|96|
compound|～た結果(けっか) / ～の結果(けっか)|…ပြီးနောက် ရလဒ်အဖြစ်|Vた形／N＋の＋結果။ လုပ်ဆောင်မှု၏အကျိုးဆက် သို့မဟုတ် လေ့လာဆုံးဖြတ်ပြီးရသောအဖြေကို ပြသည်။|話(はな)し合(あ)った結果(けっか)、予定(よてい)を変(か)えることにしました。|ဆွေးနွေးပြီးနောက် ရလဒ်အဖြစ် အစီအစဉ်ပြောင်းဖို့ ဆုံးဖြတ်ခဲ့တယ်။||132,133
compound|～たまま / ～のまま|…လျက်သား / …အတိုင်း|Vた形၊ N＋の＋まま။ အရင်အခြေအနေကို မပြောင်းဘဲ နောက်အရာလုပ်ခြင်းကို ပြသည်။|電気(でんき)をつけたまま、寝(ね)てしまいました。|မီးဖွင့်လျက်သား အိပ်ပျော်သွားခဲ့တယ်။||105,106
compound|～っぱなし|…လျက်သားထား / …တောက်လျှောက်|Vます語幹＋っぱなし။ သင့်သလိုပြန်မပြင်ဘဲ ထားခဲ့ခြင်း၊ လုပ်ဆောင်မှုကို ဆက်တိုက်ပြုခြင်းကို ပြသည်။ မသင့်လျော်သည့်အခြေအနေတွင် မကြာခဏသုံးသည်။|水(みず)を出(だ)しっぱなしにしないでください。|ရေကို ဖွင့်လျက်သား မထားပါနဲ့။||161
compound|～ずに / ～ず|…မလုပ်ဘဲ / …မလုပ်၍|Vない形၏ ない ကို ずに／ず သို့ပြောင်းသည်။ する→せず။ ずに သည် မလုပ်ဘဲနောက်အရာလုပ်ခြင်း၊ ず သည် စာရေးဟန်တွင် ဝါကျဆက်ခြင်းအဖြစ်လည်း သုံးသည်။|朝(あさ)ご飯(はん)を食(た)べずに、出(で)かけました。|မနက်စာမစားဘဲ အပြင်ထွက်ခဲ့တယ်။|142|147,148
compound|～たり～たり|…တာ …တာစသည်|Vた形＋り、Vた形＋り＋する။ အပြုအမူအချို့ကို ကိုယ်စားပြုစာရင်းပေးခြင်း၊ ဆန့်ကျင်ဘက်အခြေအနေများ အလှည့်ကျဖြစ်ခြင်းကို ပြသည်။|休(やす)みの日(ひ)は、本(ほん)を読(よ)んだり、散歩(さんぽ)したりします。|ပိတ်ရက်မှာ စာဖတ်တာ၊ လမ်းလျှောက်တာတွေ လုပ်တယ်။||160
compound|～ちゃう / ～とく / ～てる|…သွားပြီ / …ထား / …နေ|てしまう→ちゃう၊ でしまう→じゃう၊ ておく→とく၊ でおく→どく၊ ている→てる။ ရင်းနှီးစကားပြော၏ အတိုပုံစံများဖြစ်သည်။|明日(あした)のために、資料(しりょう)を印刷(いんさつ)しとくね。|မနက်ဖြန်အတွက် စာရွက်စာတမ်းတွေ ပရင့်ထုတ်ထားလိုက်မယ်နော်။||47
phrases|～にする / ～になる|…အောင်လုပ် / …ဖြစ်လာ|N／な形＋にする／になる၊ い形၏いကိုくပြောင်း＋する／なる။ する သည် တစ်ယောက်ယောက်ကပြောင်းလဲခြင်း၊ なる သည် အခြေအနေပြောင်းလာခြင်းဖြစ်သည်။|音(おと)を小(ちい)さくしてください。|အသံကို တိုးပေးပါ။|84|
phrases|～にしている / ～になっている|…ထား / …ဖြစ်နေ|N／な形＋にしている／になっている၊ い形၏いကိုくပြောင်းပြီး ဆက်သည်။ ရည်ရွယ်ချက်ရှိရှိ ထိုအခြေအနေကိုထိန်းထားခြင်းနှင့် ဖြစ်နေသောအခြေအနေကို ခွဲပြသည်။|部屋(へや)を、いつもきれいにしています。|အခန်းကို အမြဲသန့်ရှင်းအောင် ထားတယ်။|85|
phrases|～の / ～こと（名詞化）|…ခြင်း / …သည့်အရာ|普通形၊ な形＋な＋の／こと။ ဝါကျကို နာမ်အဖြစ် ပြောင်းသည်။ 見る・聞く ၏ရှေ့တွင် の ကို သုံးလေ့ရှိပြီး ことにする・ことができる စသည့်ပုံစံတွင် こと ကို သုံးသည်။|彼(かれ)が歌(うた)っているのを聞(き)きました。|သူ သီချင်းဆိုနေတာကို ကြားခဲ့တယ်။|66,69|
phrases|～のは～だ / ～のが～だ|…တာက …ဖြစ်တယ်|V／い形普通形၊ な形＋な၊ N＋な＋のは／のが＋説明。 အကြောင်းအရာထဲမှ အစိတ်အပိုင်းတစ်ခုကို အလေးပေးရှင်းပြသည်။|私(わたし)が欲(ほ)しいのは、この辞書(じしょ)です。|ကျွန်တော် လိုချင်တာက ဒီအဘိဓာန်ပါ။|67|119
phrases|～のではないか / ～のだろうか|…မဟုတ်လား / …လားမသိ|V／い形普通形＋のではないか／のだろうか၊ N／な形＋なの…。 ယူဆချက်ကို သတိထားပြောခြင်း သို့မဟုတ် မသေချာသည့်အကြောင်းကို စဉ်းစားမေးခြင်းဖြစ်သည်။|この方法(ほうほう)のほうが、簡単(かんたん)なのではないでしょうか。|ဒီနည်းလမ်းက ပိုလွယ်တာ မဟုတ်ဘူးလား။|67|61,63
phrases|～だろう / ～だろうと思(おも)う|…မည်ထင် / …လောက်မယ်|普通形၊ N／な形語幹＋だろう။ မသေချာသည့်ခန့်မှန်းချက်ကို ပြသည်။ だろうと思う ဖြင့် မိမိယူဆချက်ကို ပြောနိုင်သည်။|来年(らいねん)は、もっと忙(いそが)しくなるだろうと思(おも)います。|နောက်နှစ် ပိုအလုပ်များလာမယ်လို့ ထင်တယ်။||64
phrases|～かな|…လားမသိ|普通形＋かな။ မိမိစဉ်းစားသည့်မေးခွန်း၊ မသေချာမှုကို ပြသည်။ တစ်ဖက်လူကို နူးညံ့စွာမေးရာတွင်လည်း သုံးသည်။|明日(あした)は、晴(は)れるかな。|မနက်ဖြန် နေသာမလားမသိ။||90
phrases|～なくちゃ / ～なきゃ|…လုပ်ရမယ်|なくては→なくちゃ၊ なければ→なきゃ။ いけない／ならない ကို ချန်ထားနိုင်သော ရင်းနှီးစကားပြောအသုံးဖြစ်သည်။|もう帰(かえ)らなきゃ。|ပြန်ရတော့မယ်။||89
phrases|～ます語幹 / ～く / ～で（文の接続）|…၍ / …ပြီး|Vます語幹၊ い形၏いကိုくပြောင်း၊ な形／N＋で ဖြင့် ဝါကျဆက်သည်။ Vます語幹 နှင့် い形＋く は စာရေးဟန်တွင် အသုံးများသည်။ နောက်ဝါကျနှင့် တစ်သမတ်တည်း စာရေးဟန်သုံးပါ။|この町(まち)は静(しず)かで、公園(こうえん)も多(おお)いです。|ဒီမြို့က တိတ်ဆိတ်ပြီး ပန်းခြံလည်း များတယ်။|142|49
phrases|～を～として / ～を～に|…ကို …အဖြစ် / …ကို …ရည်မှန်း၍|N＋を＋N＋として／に။ အရာတစ်ခု၏အခန်းကဏ္ဍ၊ အခြေခံ၊ ရည်မှန်းချက်ကို သတ်မှတ်ပြီး နောက်လုပ်ဆောင်မှုကို ဆက်ပြသည်။|試験合格(しけんごうかく)を目標(もくひょう)に、勉強(べんきょう)しています。|စာမေးပွဲအောင်ဖို့ ရည်မှန်းပြီး စာလေ့လာနေတယ်။|110|
phrases|指示語(しじご) こ・そ・あ|ဒီ… / အဲဒီ… / ဟို…|こ သည် ပြောသူအနီး၊ そ သည် နားထောင်သူအနီး သို့မဟုတ် ရှေ့ဖော်ပြချက်၊ あ သည် နှစ်ယောက်စလုံးနှင့်ဝေးသောအရာ သို့မဟုတ် နှစ်ယောက်စလုံးသိသည့်အရာကို ပြသည်။ စာဖတ်ရာတွင် それ／その ၏ရည်ညွှန်းချက်ကို ရှေ့ဝါကျတွင် ရှာပါ။|新(あたら)しい本(ほん)を買(か)いました。その本(ほん)は、とても役(やく)に立(た)ちます。|စာအုပ်အသစ် ဝယ်ခဲ့တယ်။ အဲဒီစာအုပ်က အလွန်အသုံးဝင်တယ်။|134|60,61
phrases|は / が（話題・焦点）|အကြောင်းအရာ / အဓိကအချက်|は သည် စကားပြောအကြောင်းအရာနှင့် နှိုင်းယှဉ်မှုကို ပြသည်။ が သည် အသစ်ဖော်ပြသည့်အရာ၊ မေးခွန်း၏အဖြေ၊ အထူးပြုဝါကျထဲက လုပ်သူကို ပြလေ့ရှိသည်။|誰(だれ)が作(つく)りましたか。私(わたし)が作(つく)りました。|ဘယ်သူ လုပ်ခဲ့တာလဲ။ ကျွန်တော် လုပ်ခဲ့တာပါ။|136|
phrases|接続詞(せつぞくし) そのため / しかし / また / つまり|ဒါကြောင့် / သို့သော် / ထို့ပြင် / ဆိုလိုတာက|そのため・したがって သည် ရလဒ်၊ しかし・ところが သည် ဆန့်ကျင်၊ また・その上 သည် ထပ်ဖြည့်၊ つまり သည် ပြန်လည်ရှင်းပြ၊ ただし သည် ခြွင်းချက်၊ ところで သည် အကြောင်းပြောင်းခြင်းကို ပြသည်။|雨(あめ)が強(つよ)くなりました。そのため、試合(しあい)は中止(ちゅうし)になりました。|မိုး ပိုသည်းလာတယ်။ ဒါကြောင့် ပြိုင်ပွဲကို ဖျက်သိမ်းခဲ့တယ်။|140,141|
compound|～かける / ～かけだ / ～かけの|…စလုပ်ထားပြီး မပြီးသေး|Vます語幹＋かける／かけだ／かけの＋N။ စလုပ်ပြီးမပြီးသေးခြင်း၊ ဖြစ်ခါနီးခြင်းကို ပြသည်။ 文脈 အလိုက် အဓိပ္ပာယ်ကို ခွဲခြားပါ။|読(よ)みかけの本(ほん)が、机(つくえ)の上(うえ)にあります。|ဖတ်လက်စစာအုပ် စားပွဲပေါ်မှာ ရှိတယ်။|96|
compound|～きる / ～きれない|အကုန်… / အကုန်မ…နိုင်|Vます語幹＋きる／きれない။ အဆုံးထိလုပ်ပြီးစီးခြင်း၊ အကုန်လုံးလုပ်ခြင်းနှင့် အကုန်မလုပ်နိုင်ခြင်းကို ပြသည်။|量(りょう)が多(おお)くて、食(た)べきれません。|ပမာဏများလို့ အကုန်မစားနိုင်ဘူး။|96|
compound|～づらい|…ရန် အခက်အခဲရှိ|Vます語幹＋づらい။ လုပ်သူအတွက် စိတ်ပိုင်း၊ ကိုယ်ပိုင်းအခက်အခဲကြောင့် လုပ်ရခက်ကြောင်း ပြသည်။ い形容詞 လို ပြောင်းလဲသုံးသည်။|この話(はなし)は、本人(ほんにん)には言(い)いづらいです。|ဒီအကြောင်းကို ကာယကံရှင်အား ပြောရခက်တယ်။|97|
limit|～たきり|…ပြီးကတည်းက မ…တော့|Vた形＋きり။ ပထမအပြုအမူပြီးနောက် မျှော်လင့်ထားသည့်ဆက်ဖြစ်မှုမရှိခြင်းကို ပြသည်။|彼(かれ)は、出(で)かけたきり、まだ戻(もど)っていません。|သူ အပြင်ထွက်သွားပြီးကတည်းက အခုထိ မပြန်လာသေးဘူး။|97|
advice|～ことはない|…ရန် မလို|V辞書形＋ことはない။ လုပ်ဖို့မလိုအပ်ကြောင်း ပြော၍ နှစ်သိမ့်ခြင်း၊ အကြံပေးခြင်းကို ပြသည်။ Vたことはない သည် အတွေ့အကြုံမရှိခြင်းဖြစ်၍ အဓိပ္ပာယ်မတူ။|そんなに心配(しんぱい)することはありません。|အဲဒီလောက် စိတ်ပူဖို့ မလိုပါဘူး။|66|
report|～か / ～かどうか（埋め込み疑問）|ဘယ်…လဲဆိုတာ / …မ…ဆိုတာ|疑問詞＋普通形＋か၊ 疑問詞 မပါလျှင် 普通形＋かどうか။ မေးခွန်းကို ဝါကျအတွင်းထည့်သည်။ N／な形 တွင် だ ကို ချန်သည်။|店(みせ)が開(あ)いているかどうか、確認(かくにん)します。|ဆိုင်ဖွင့်မဖွင့် စစ်ကြည့်မယ်။|104|
time|～から～にかけて|…မှ …အထိဝန်းကျင်|အချိန်၊ နေရာ၏ N＋から＋N＋にかけて။ စတင်ဆုံးသတ်အမှတ်ကို တိတိကျကျမသတ်မှတ်ဘဲ တစ်ဆက်တည်းအတိုင်းအတာကို ပြသည်။|夜(よる)から朝(あさ)にかけて、雪(ゆき)が降(ふ)りました。|ညကနေ မနက်အထိဝန်းကျင် နှင်းကျခဲ့တယ်။|110|
